Open,High,Low,Close,Volume
95.459,96.02,93.249,94.95,548648000
102.028,106.32,101.52,103.799,835065000
104.449,106.475,103.0,106.469,429494000
110.244,114.939,109.883,113.901,652728000
113.05,115.492,110.901,114.825,557442000
114.65,115.819,109.663,110.5,487350000
112.52,112.717,106.94,109.633,613263000
113.621,115.0,112.003,115.0,438392000
115.716,116.6,114.045,116.437,403324000
118.371,122.449,117.468,122.44,528402000
124.048,125.587,118.32,120.998,664696000
119.77,121.692,118.022,120.888,412386000
120.37,123.1,117.01,121.79,314162700
121.77,122.87,118.74,120.91,222551200
123.06,126.88,122.57,125.2,299595000
129.39,129.8,127.16,129.61,260704500
129.96001,132.84,128.32001,131.88,309320400
132.99001,133.73,129.58,130.98,288504400
131.14,136.33,130.69,135.58,294335100
139.8,140.75999,129.52,130.78,517768400
127.12,130.63,124.3,126.57,655484700
123.24,124.46,118.04,118.11,476060900
121.2,126.5,119.32,126.09,425787500
126.13,128.12,122.6,126.4,362975900
124.1,126.41,122.92,123.99,252571700
124.58,127.71,122.75,123.54,315516700
123.47,124.84,118.83,124.3,284885500
121.13,123.41,121.03,122.67,218374000
121.66,128.28,121.36,128.28,215749000
127.38,128.85001,125.68,125.83,214176700
127.49,130.77,127.04,128.2,237677300
130.35001,133.82001,128.64999,131.38,285366600
134.03,135.10001,132.42,134.91,248978600
135.75,136.14999,127.05,127.4,374782700
128.25999,131.92,127.22,129.24001,252680500
130.56,131.39,127.18,128.44,208326200
128.44,129.03999,124.58,126.36,214769500
121.35,121.85,116.72,117.99,390086200
121.85,122.4,116.56,121.09,320979500
120.35,121.6,117.37,117.93,217223800
120.35,124.07,119.86,123.54,258068900
122.78,124.69,122.1,122.59,173911000
119.17,119.95,113.44,114.25,327776900
113.04,116.63,106.3,112.28,460067000
116.19,116.2,111.58,113.06,293399100
113.69,116.28,111.3,111.59,248152100
111.52,111.99,102.54,103.73,486833300
112.9,118.34,110.88,117.02,473174200
117.53,120.16,106.81,109.21,523462300
103.76,108.72,101.37,107.27,482027500
92.06,103.41,90.69,100.45,552842400
103.84,107.71,100.55,104.25,409012100
107.81,108.8,98.69,98.91,411440400
102.0,105.5,97.52,104.97,391910000
105.64,106.6,103.43,104.75,290844200
106.32,111.07,106.26,109.02,325559900
112.44,116.23,111.58,116.14,312646700
118.53,118.6,114.07,118.08,339246400
118.76,123.24,117.47,122.86,318086700
121.94,125.0,121.18,124.58,302589900
124.28,130.0,123.42,130.0,318333600
128.39999,129.88,125.89,127.25,300087400
127.32,129.35001,126.66,128.5,257883600
130.02,130.75,123.1,123.74,376189100
125.86,129.60001,125.22,129.37,323230300
129.57001,131.25999,124.37,126.46,331964700
125.05,129.2,123.88,128.3,303134600
128.12,128.33,122.64,125.61,448101100
121.36,124.43,116.71,117.59,453023300
119.53,121.75,117.22,119.37,333751600
116.01,116.21,107.29,108.0,477155100
105.41,113.27,104.12,106.21,372470300
104.99,109.65,104.76,107.21,306850700
108.04,108.15,100.95,102.83,413638100
104.88,106.55,103.69,106.47,273912000
107.81,109.4,104.95,108.1,268283700
109.39,117.19,107.42,116.91,441422400
116.84,120.79,115.38,119.14,367100500
119.08,119.96,117.6,119.1,238358300
116.79,118.18,114.36,116.78,248772300
118.17,118.8,114.83,115.59,231925900
115.89,117.7,113.22,113.37,310318900
117.35,119.66,117.25,117.87,293506400
117.06,118.62,115.39,116.0,382462400
116.55,116.99,114.86,116.26,206228500
116.52,121.8,115.38,120.87,354966800
122.02,124.94,121.61,123.51,284692900
126.8,127.67,121.8,124.04,302582900
123.97,124.03,119.26,121.4,271009200
118.31,121.5,118.15,121.44,226553700
121.77,122.44,115.79,117.0,302094500
116.44,119.38,115.14,118.85,221845900
120.92,124.36,120.34,122.85,277118000
124.94,125.04,121.83,124.92,243678100
124.99,130.64,124.95,127.72,346250200
130.25999,133.48,129.42,132.89,285722500
134.11,134.52,131.38,132.64999,246191600
131.91,135.0,131.0,134.81,242311300
134.00999,135.78,133.66,134.8,170209500
136.47,139.60001,136.3,138.07001,232347700
137.87,138.57001,128.74001,131.60001,377831000
133.98,136.62,131.58,135.72,264879700
139.34,140.89,136.87,136.92999,306435900
138.67,138.89999,137.28,138.0,176090200
138.13,143.71001,138.0,143.71001,264554500
142.91,144.42,141.78,143.59,226311600
142.03,142.42999,137.46001,139.56,285930000
140.82001,141.35001,138.46001,140.41,172354900
140.92999,144.13,140.8,141.53999,205122100
143.0,143.14,140.05,140.52,173586700
140.28999,142.25999,138.89999,141.25,157593600
139.53999,140.33,136.81,139.34,179418100
137.60001,137.61,132.11,132.75999,270039600
134.7,137.31,134.57001,135.39999,207127800
137.21001,138.96001,135.57001,136.05,187528200
137.45,140.37,137.33,139.91,160537400
142.96001,146.49001,141.96001,145.61,242043900
146.39,148.92999,146.17,148.88,207323300
148.77,149.77,146.25999,147.63,175665800
148.67999,148.85001,143.57001,145.25999,182325600
146.78,149.64999,146.00999,148.28999,198634700
149.07001,149.33,145.89999,146.27,191903300
147.64,149.0,145.55,146.75999,194463300
144.87,145.24001,140.08,141.98,250132900
139.5,141.55,137.14999,140.14999,221866000
141.32001,147.13,140.99001,147.00999,227834900
147.41,147.56,142.73,145.89,309871700
149.35001,152.89,140.7,146.67,400946600
145.92999,147.16,141.10001,141.95,236406200
141.99001,142.05,135.82001,136.02,344941900
137.7,139.3,135.67,136.92,190287700
135.00999,137.22,131.8,135.34,226370900
136.78,139.35001,136.05,138.25,141863200
138.83,140.45,137.82001,138.63,171682800
138.25999,140.53999,137.95,140.25999,164414000
142.0,145.78999,140.28999,145.14,231224300
145.11,146.53999,143.95,145.06,172621200
144.60001,145.7,141.31,142.44,188505600
138.97,139.95,137.13,138.81,189308600
139.00999,141.82001,133.78999,135.07001,210020900
137.36,140.17,135.21001,139.31,184905200
137.08,138.44,135.8,137.34,159211400
138.94,139.60001,132.53999,134.25,231514900
134.17999,134.39999,130.42,132.0,237951100
129.09,131.59,126.86,130.39,259410300
133.86,136.7,128.28,128.91,277444500
131.75999,134.03,129.55,130.67999,209719200
129.81,135.28,128.22,134.7,306528600
136.28,139.78999,135.12,139.67,176053500
140.0,141.89999,138.64999,140.22,105157000
139.7,140.85001,137.73,139.92999,116205600
138.55,139.02,134.71001,137.00999,170582600
134.83,140.27,134.02,137.49001,167734700
138.03,138.07001,133.83,134.28999,155659200
136.0,138.88,134.63,138.31,198247200
140.00999,144.89999,139.73,144.47,229322500
148.59,152.16,147.82001,149.42999,265377400
153.03,153.13,140.00999,140.14,351782200
142.58,143.95,137.56,140.11,227349900
137.45,139.92,134.22,135.91,207602500
129.99001,133.49001,129.50999,133.23,204808900
136.05,136.38,130.05,131.75999,195590500
133.64999,136.45,131.28999,136.24001,185217300
138.64,138.75,133.49001,133.57001,209235600
136.69,138.5,135.46001,137.71001,201188800
139.16,141.83,137.09,140.83,197749000
144.66,147.78999,143.67,147.07001,237651400
145.05,147.23,143.72,147.22,155915500
148.37,148.97,141.88,142.62,234657600
124.8,128.39999,116.7,118.42,818830900
121.81,129.0,116.25,128.99001,579666400
126.5,126.89,120.05,123.7,467120600
123.1,125.0,118.1,124.65,392925500
123.78,127.85,119.19,120.07,390372900
114.75,118.57,113.01,116.66,371235700
116.96,121.2,116.7,118.65,256550000
121.76,125.0,120.76,124.83,262230800
127.42,128.77,125.21,128.67999,251483600
129.22,130.37,125.0,129.84,228186300
130.09,135.0,129.96001,133.57001,216989100
132.58,134.48,131.02,132.8,178902400
130.02,132.24001,129.08,131.14,160278600
131.56,136.5,131.17,135.28999,197430000
136.48,139.25,135.5,138.85001,195479600
141.27,143.44,137.92999,139.39999,219176600
139.50999,141.36,137.22,139.23,167536000
140.03,140.66,136.78999,140.11,143903600
140.03999,141.46001,134.03,134.42999,228217600
136.56,138.59,130.08,130.28,251381100
129.98,130.2,124.44,126.63,271428700
129.99001,133.73,128.49001,131.28,322553800
135.0,135.00999,120.01,120.15,443175800
118.02,125.09,116.4,124.92,389091100
123.51,123.7,112.28,114.06,411381400
110.65,119.31,110.11,115.99,398163300
117.58,118.28,114.51,117.3,284337900
113.53,115.35,110.22,110.57,321181900
111.25,113.48,107.56,112.69,341755500
109.9,111.85,105.46,106.98,366487400
106.99,112.24,104.77,108.76,354865700
114.12,116.76,112.88,115.74,323857500
117.03,117.76,113.79,115.58,299033100
118.61,121.88,118.15,121.67,277593500
122.74,122.89,118.03,119.53,255501500
118.0,119.02,114.54,115.43,299686900
117.27,120.45,115.68,117.52,273426200
116.55,120.2,116.47,118.53,248829700
116.94,117.99,115.42,117.7,266498500
119.88,122.22,119.34,121.41,228452500
120.55,121.29,118.92,120.69,167447200
118.73,118.84,112.71,113.76,293463300
111.35,114.45,110.66,111.43,236902100
111.49,112.87,109.07,109.67,229872500
105.13,110.96,103.65,108.38,299212700
108.52,110.2,106.47,110.15,222614000
107.29,111.98,106.79,110.42,220601200
103.51,105.63,101.6,101.8,338769400
98.91,100.13,92.11,94.31,532273800
87.46,101.75,86.62,97.64,611041300
103.81,105.85,94.46,96.3,476243400
98.89,115.1,97.53,114.33,612918300
109.37,110.86,99.15,107.57,437812400
108.5,111.55,107.48,110.93,313417300
114.11,114.29,109.07,110.71,264705000
110.97,113.62,110.5,112.2,228966900
104.55,106.79,100.45,104.49,397016900
104.45,104.47,100.05,101.49,290833400
98.77,99.44,95.04,96.91,288501100
98.78,99.81,97.28,98.89,241004800
104.52,104.8,102.02,102.71,247526000
103.48,106.54,103.11,106.43,220815000
106.85,111.92,105.73,111.01,251064700
109.69,110.37,106.02,108.73,207708500
107.67,110.2,107.44,109.02,170444300
104.47,108.92,104.08,108.92,235044600
113.08,114.94,111.3,111.61,236121500
114.18,115.4,113.37,114.5,190194800
112.91,114.67,112.66,113.82,133163200
111.48,114.74,110.82,113.54,158525600
113.05,117.68,112.28,117.06,206758800
118.25,118.68,115.85,117.37,198428100
117.35,118.23,115.21,116.65,132972200
121.97,123.0,120.28,123.0,225023300
124.98,131.22,124.47,129.92999,330430100
133.2,135.44,131.67999,135.34,281180800
134.28999,136.3,132.66,134.83,226632600
136.22,136.35001,133.46001,135.39999,226542500
132.39,135.87,132.39,135.57001,193154600
134.28999,134.58,132.62,134.38,161514200
133.06,137.39999,130.59,131.8,270608700
132.23,134.25,131.55,132.83,187344000
130.0,132.67999,129.16,131.28999,198821300
134.14999,135.66,133.31,135.5,192953600
136.03,137.25,134.78999,134.81,304021100
142.25,143.49001,137.91,139.19,369241900
138.72,139.62,132.92,135.13,333170900
135.49001,138.12,135.39999,137.38,197663100
138.78,142.0,137.95,141.22,225578800
142.19,142.39,139.53999,141.92,167120800
142.17,144.0,138.83,139.99001,231397900
142.50999,143.27,141.50999,141.72,153986200
143.19,145.0,141.94,142.63,185114500
142.69,144.28999,141.53,143.96001,155881900
144.61,144.99001,141.87,142.83,167694000
141.97,145.0,141.85001,145.0,162365000
142.48,143.58,140.85001,141.97,180820600
143.35001,146.17999,143.2,144.69,183133700
144.49001,145.22,143.78,144.12,139108000
144.00999,145.64999,143.12,145.48,161494100
145.45,146.2,142.64999,143.85001,242956200
142.5,144.78,142.03,144.17,154308900
145.56,147.96001,145.5,147.89999,187566100
149.27,154.45,149.25999,154.31,269146500
155.98,156.72,154.0,155.02,198145700
156.03999,158.71001,155.25999,157.75,263234500
158.39999,158.66,155.96001,157.99001,194580300
156.28999,157.2,151.49001,153.3,213143600
152.98,157.60001,152.97,157.25,171224100
158.37,160.98,157.77,159.34,143716100
158.2,159.31,157.34,158.24001,140139000
159.33,160.22,158.39,160.0,138133000
161.22,164.42,161.16,162.88,183656400
164.32001,164.5,161.61,164.10001,167704100
163.72,167.89,163.47,164.92,193633300
165.37,165.49001,162.02,164.07001,136975800
171.19,172.39999,169.2,170.7,230627400
171.06,171.75,168.89999,171.37,158831500
172.02,174.16,170.83,173.0,160841100
173.64,174.25,171.25999,172.41,146456400
172.75,173.38,171.0,171.38,123126100
171.34,171.39,164.58,167.03,193114300
169.53,171.25999,167.97,170.78,154082200
172.44,173.83,171.3,173.74001,128984600
173.61,174.72,172.96001,173.5,122316800
174.02,177.0,173.97,176.75,140023500
177.96001,179.38,175.02,175.50999,154077500
176.50999,179.89,176.03999,179.27,174312200
182.89999,183.3,175.92999,177.87,221685400
174.09,176.53999,170.89,173.72,204529000
175.16,180.2,174.52,180.0,148174600
179.62,180.25999,175.89999,178.25999,156407600
176.33,179.89999,176.25,179.42,137192300
181.57001,183.88,178.8,180.77,151878400
181.55,183.3,180.39999,182.7,123396700
182.05,183.84,180.25,182.06,138323200
182.96001,184.48,179.46001,183.16,145485700
182.62,183.97,179.35001,181.59,179871700
179.75,183.02,179.46001,182.02,129554000
181.88,181.89999,178.03999,180.45,156602200
180.60001,182.94,180.59,182.00999,132008000
182.42999,182.5,175.49001,175.64,185229200
175.17,176.0,168.8,175.39999,215142700
174.85001,176.89999,173.81,174.98,140040900
172.61,178.59,171.2,177.99001,172789400
178.35001,181.91,176.57001,179.81,163012800
180.06,182.39,178.81,181.77,168688200
181.98,182.49001,179.10001,181.60001,235518900
180.82001,184.47,176.41,180.17,281787800
178.11,178.14999,173.14999,174.17999,243257900
170.0,172.38,167.22,170.78,231164900
171.06,172.41,168.88,170.62,164424900
170.57001,171.86,169.41,171.66,141670100
168.03,169.03,164.07001,167.02,224441400
167.55,170.96001,167.35001,168.31,163769100
169.09,170.98,166.74001,170.75999,157548400
176.64,179.28999,175.47,177.33,226852000
179.67999,180.28,176.48,177.17,151159300
177.77,178.60001,176.45,177.82001,124911000
175.67,178.85001,174.50999,177.75,147061600
177.0,177.5,174.38,174.88,140737800
172.64,173.2,168.41,170.28999,211843800
173.98,177.10001,172.96001,176.24001,191763300
175.77,178.08,175.17999,176.67,237182100
175.3,184.55,174.71001,183.61,269637000
181.97,182.42,176.21001,178.42999,192559600
179.77,179.78,175.39999,176.97,143564100
174.48,180.25999,173.13,177.69,191586700
178.17,179.77,174.92999,178.19,148573700
180.42999,184.0,180.32001,181.85001,193063500
182.08,187.35001,181.48,186.58,236981000
185.24001,188.14,183.89999,187.24001,173844900
189.60001,191.05,188.06,188.89,136805800
189.19,190.36,185.38,187.62,137596900
185.5,187.23,183.33,185.53999,157678100
186.23,189.06,184.0,185.03999,140088000
186.57001,189.60001,186.53999,189.11,130168900
192.23,195.3,191.06,192.57001,182997200
193.50999,195.62,182.05,183.16,268774400
187.97,190.11,185.96001,188.32001,153482800
184.77,184.8,179.7,180.03,205641400
184.8,184.87,177.28999,179.83,214450500
182.23,183.28,179.77,181.81,179723300
180.17999,184.10001,179.75,183.22,173135200
183.13,185.2,181.73,182.64,128544700
182.78999,182.78999,179.8,181.16,124240200
181.14,183.44,176.75999,180.28,162249600
180.42,183.03,179.78999,182.16,111363700
183.84,187.47,183.5,186.25999,131296700
189.99001,192.0,188.42999,191.49001,153452700
193.05,203.14999,191.91,201.03,297986200
207.98,212.19,204.78,207.03999,308829600
205.14999,206.16,201.41,202.89,178864400
206.45,207.97,202.07001,202.49001,179802200
208.08,211.34,205.56,206.88,180267300
203.0,203.97,197.92999,198.69,188919300
198.77,202.92,194.64999,195.21001,171350300
196.42,197.62,186.38,188.08,223029800
184.89999,188.32001,178.91,188.14999,264942300
195.11,199.94,193.78999,199.05,198897100
195.16,195.42,191.3,193.16,176483300
195.72,195.89,191.13,193.8,154935300
191.05,191.44,183.85001,186.86,207423100
182.86,191.00999,180.58,190.17,186591900
185.97,189.0,184.32001,186.60001,173628900
183.38,184.8,179.64999,181.36,213598900
184.78999,187.86,182.83,186.52,247246400
195.95,196.0,179.85001,180.64,343504800
181.24001,184.56,172.92999,178.88,346926200
179.49001,183.5,176.48,182.55,256618300
174.91,178.16,169.55,177.82001,320600300
181.63,182.91,178.24001,180.25999,183852000
179.00999,179.28999,176.5,177.0,121332800
174.75999,180.3,173.67999,179.92,188131000
181.75999,185.66,180.0,181.46001,182632200
181.08,182.45,179.11,179.59,165138000
181.62,184.52,179.96001,183.38,167364900
183.89,184.66,180.91,182.41,143971100
182.64,188.0,182.39999,185.55,204378100
185.56,185.72,183.32001,184.97,144719700
184.97,185.48,182.03999,183.78,162785400
180.28,181.32001,176.62,180.92999,182136600
181.11,182.82001,174.62,175.02,204274900
177.94,178.42,175.03,176.28999,164775600
176.25999,178.49001,174.89999,177.72,148588100
176.10001,176.13,170.31,170.94,222775500
174.53,176.14999,171.82001,174.14,176096000
176.67,181.45,176.34,180.99001,324925900
183.92,184.16,182.35001,183.69,129064400
182.97,189.33,182.89999,189.21001,174873600
187.94,188.91,186.59,188.61,65528500
189.92,192.69,188.0,190.53,139740300
187.71001,188.75999,185.91,188.22,120006100
188.24001,188.99001,186.92999,187.53999,97687300
189.57001,190.56,186.49001,186.5,120100500
189.84,192.92999,188.25999,188.85001,148240500
191.75999,193.63,186.14999,188.12,183529700
190.52,192.17,186.82001,187.24001,176862600
188.57001,191.37,186.56,189.11,153543200
189.11,189.55,183.71001,185.03999,172457000
185.08,186.34,183.67,184.86,131327500
183.22,187.12,183.02,184.94,137968500
185.0,188.11,183.39999,185.81,160128900
184.32001,184.46001,180.8,183.14,159586100
186.5,189.7,186.33,187.05,206188600
189.08,190.44,186.08,186.23,187967200
181.89999,182.38,177.61,178.07001,223345300
179.05,185.38,178.39999,183.32001,200381000
184.75,186.17,183.92999,184.84,139636600
187.5,189.60001,186.82001,187.67,142748100
187.16,189.12,185.99001,186.47,124799600
187.24001,190.0,185.7,188.52,143711600
191.27,192.35001,189.84,191.52,148552700
191.34,193.48,186.06,192.50999,171764400
191.21001,194.49001,189.47,191.13,179489500
187.2,190.3,184.88,185.61,165794100
186.24001,186.27,176.23,180.34,204019600
179.46001,179.58,171.91,174.19,207014100
174.92999,176.82001,171.03,171.88,206312900
176.69,187.0,174.60001,185.41,231346200
184.25999,193.66,183.95,190.03999,196387400
191.38,192.48,188.12,188.53999,136764800
192.45,193.25999,188.77,190.05,144192700
193.03,193.61,186.50999,186.94,189932500
187.48,187.5,181.59,182.81,161888000
181.75,187.14999,179.17999,184.97,162276900
188.75,190.37,186.75999,187.98,164749100
187.06,188.42999,185.66,187.89999,126554500
186.57001,190.33,185.94,189.82001,178422300
191.39999,193.95,189.58,191.55,171584800
191.49001,193.77,187.39999,192.85001,175123600
194.45,197.63,193.78999,195.56,250637100
194.27,194.28999,184.32001,184.89,360807900
181.25,182.59,176.38,177.19,311636500
175.00999,183.46001,174.64,182.48,209095300
178.49001,180.89999,176.92,180.05,178099400
180.44,184.7,180.06,183.03999,177731200
181.17,184.06,177.88,183.34,198779700
179.84,182.75999,176.82001,177.82001,189021900
176.83,182.91,175.56,182.64999,177213600
182.39999,186.44,182.00999,184.77,179118500
185.91,187.62,184.45,186.03,145280400
184.05,184.94,181.75,183.14,155762700
184.92,186.09,179.94,180.25,160988400
182.97,188.88,181.41,183.22,217307400
185.06,185.39999,181.67999,181.92999,182497800
182.48,183.38,180.33,180.39999,156683100
178.00999,179.98,175.78999,178.56,170968500
178.0,178.25999,171.72,172.7,241323500
177.25999,178.37,174.75999,175.64,182836300
174.83,176.22,173.98,175.2,147667800
177.10001,181.22,176.85001,178.67999,162602100
176.07001,176.50999,171.14,171.24001,186152200
170.0,170.97,167.00999,167.52,196212700
168.78,169.45,164.27,165.17,185627000
166.97,174.62,166.96001,174.39999,226181300
176.0,177.37,174.75,175.75,168132000
172.17999,177.49001,171.37,177.39,143143200
177.16,177.78999,175.75999,177.64,107564300
175.73,178.23,173.66,178.10001,132534900
184.5,185.25999,180.3,182.08,147732700
181.84,184.08,180.62,183.91,116428500
184.31,190.0,184.3,188.63,160459500
186.03,189.66,185.74001,189.31,133648200
190.84,196.50999,190.77,196.50999,161307000
196.53999,200.39999,195.74001,198.87,185338400
197.42999,199.85001,195.81,198.35001,134012900
199.89999,201.7,199.27,201.67999,160324400
199.98,202.17,197.84,202.06,119381400
202.13,202.75,199.0,199.88,107945300
200.99001,202.5,199.0,202.5,107501000
202.46001,203.83,197.22,199.64,113561800
199.96001,210.95,199.81,208.27,214134400
209.64999,216.83,207.38,216.61,187172400
209.49001,214.73,208.2,213.17,180275400
212.7,212.72,207.58,209.25,123711800
209.92999,210.3,198.7,199.57001,225239200
201.28,203.0,197.12,198.45,128647000
199.5,201.73,194.74001,198.48,125368100
199.3,200.24001,196.03,196.5,113406600
199.89,208.27,198.61,207.83,188362800
208.34,214.2,206.5,211.5,168307900
213.03,217.8,212.89,215.2,136421400
214.03999,222.3,213.89,219.44,160685800
218.55,223.75,214.92,220.78,159176600
224.92999,227.84,221.57001,225.83,150405400
229.85001,236.53999,229.3,235.74001,180782900
229.75999,231.5,224.24001,225.32001,180977600
229.87,230.0,218.37,222.32001,146280900
219.69501,224.48,217.91,220.61,139083506
223.175,226.12,220.5,224.55,6248060
